{"cameraMode":{"drawMode":0,"name":"Shaded","section":"Shading Mode"},"sceneLighting":true,"audioPlay":false,"sceneViewState":{"showFog":true,"showMaterialUpdate":false,"showSkybox":true,"showFlares":true,"showImageEffects":true,"showParticleSystems":true},"in2DMode":false,"pivot":{"x":-1.157501220703125,"y":23.576171875,"z":-4909.3046875},"rotation":{"x":0.23420020937919618,"y":0.004374802578240633,"z":-0.0010539375944063068,"w":0.9721779227256775},"size":37.40363693237305,"orthographic":true}